model,"('ncut', 'mean')","('ncut', 'std')","('mean', 'mean')","('mean', 'std')","('stdev', 'mean')","('stdev', 'std')","('z_score', 'mean')","('z_score', 'std')","('percentile', 'mean')","('percentile', 'std')","('is_sig', 'mean')","('is_sig', 'std')",n_models,train_acc,test_acc,overall_std,is_stable
LINE,7.361334523677156,0.0955653648044814,7.742929540815696,0.10746036320643046,0.10315228672000613,0.015026577390344404,-3.8677006766524733,2.056868104732336,0.0196078431372549,0.0,1.0,0.0,5,1.0,1.0,0.141630563108348,True
LINE+DROPOUT,6.8503689856699355,0.16110229417926314,8.886370064198198,0.0062483640990800655,0.037168482766111496,0.004921951173075172,-55.22936143252947,5.357974991758422,0.0196078431372549,0.0,1.0,0.0,5,0.9123333334922791,0.2959800064563751,0.037843232379564,True
LINE-MNIST,7.954500756647647,0.0959781261549918,8.993050295825082,0.1663198064333905,0.052454481796106546,0.018417805630752605,-22.16984161326987,9.220927187511093,0.0196078431372549,0.0,1.0,0.0,5,0.9999833345413208,0.9907799959182739,0.1585959252992477,True
LINE-MNIST-SEPARATED,8.261180803283523,0.1949499654849844,8.497317070384852,0.1487976522036747,0.06482488898339016,0.017637153477785182,-3.8233827420656055,2.171241860127435,0.027450980392156866,0.010739657990297375,0.6,0.5477225575051661,5,1.0,0.9937729001045227,0.1488748286951555,False
LINE-MNIST+DROPOUT,6.932610600938806,0.09373708822174388,8.700608975023892,0.046496484698079765,0.050636405253066064,0.009425256311849756,-35.88197433017999,6.811204726983939,0.0196078431372549,0.0,1.0,0.0,5,0.8728500127792358,0.6369300127029419,0.06606551576727336,True
LINE-MNIST-SEPARATED+DROPOUT,7.779053829832414,0.07159425353936293,9.036507669433773,0.018402032755778643,0.03421825478566983,0.006610491519326039,-37.90728398924201,7.8618590975469616,0.0196078431372549,0.0,1.0,0.0,5,0.9839024066925048,0.893528687953949,0.038428579035789334,True
